{
 "w": [
  0.7482206574280854,
  -0.09333730717340079,
  -0.3078683912217603,
  0.9821476804784262,
  0.372669131333958,
  -0.5859338277727432,
  -0.05241095689149875,
  -0.14616407991643263,
  0.1907484153434315,
  0.05205309483411101,
  -0.22924598194005788,
  0.1179165935497187,
  -0.06769579034653954,
  0.021431278381174507
 ],
 "b": -0.8934905989676537,
 "mean": [
  0.3382492863939096,
  0.0036822074215033247,
  0.8310984905926618,
  1.2864890580399615,
  0.32920799238820225,
  0.4627339042182045,
  0.33206470028544244,
  0.27223596574690734,
  0.21122740247383445,
  0.071360608943863,
  0.22359657469077068,
  0.038058991436726926,
  0.2093244529019981,
  0.24643196955280686
 ],
 "std": [
  0.25031051826426454,
  0.019269481036315567,
  0.1487935595301809,
  0.8091480669903077,
  0.27291730482674653,
  0.4597803845682376,
  0.47095406900225917,
  0.2794415483671828,
  0.4081793563104237,
  0.25742624659312296,
  0.4166547089345334,
  0.19133871695908047,
  0.406826408089836,
  0.43093300399845563
 ]
}