{
 "w": [
  0.685154230157054,
  -0.08884453456436357,
  -0.31207582451903304,
  1.059849544075793,
  0.18780160721918282,
  -0.7355998247754468,
  -0.08701221356151909,
  -0.1135462637922431,
  0.0,
  0.27473376050636644,
  -0.1225500047498386,
  0.0,
  0.1656962336206268,
  0.18214243826171148,
  -0.2946824460247506,
  0.13054693833069658,
  -0.09416027013808932,
  0.04908615741563646
 ],
 "b": -0.9145967368908808,
 "mean": [
  0.3380095693779895,
  0.003703349282296645,
  0.8320152866034737,
  1.2856076555023919,
  0.3301413397129192,
  0.4625199362041463,
  0.33301435406698565,
  0.2727177033492819,
  1.0,
  -6.698564593301463e-05,
  0.6382153110047869,
  0.0,
  0.21244019138755982,
  0.07177033492822966,
  0.22488038277511962,
  0.03827751196172249,
  0.20478468899521532,
  0.24784688995215312
 ],
 "std": [
  0.2508863901642954,
  0.01932269504510782,
  0.14847270904788795,
  0.8126576043765081,
  0.2742852160884949,
  0.4606860193822092,
  0.4712916231510273,
  0.27995263051545805,
  1.0,
  0.45972237337842714,
  0.4712342127925805,
  1.0,
  0.4090346641432513,
  0.25810725280883084,
  0.41750352838992005,
  0.1918654321125667,
  0.4035441985066214,
  0.4317624452093987
 ]
}