{
 "w": [
  0.6894154570462969,
  -0.08791628588160226,
  -0.313849269471116,
  1.0471977307793767,
  0.21958575547594786,
  -0.7141440217709715,
  -0.07274659501497938,
  -0.07521249653800607,
  0.0,
  0.271228029454161,
  -0.11709122424486153,
  0.0,
  0.16928133780983212,
  0.16812646356021166,
  -0.2959074743503959,
  0.13048705713416572,
  -0.09097744496964534,
  0.05327680051539547
 ],
 "b": -0.9124622897064826,
 "mean": [
  0.3382492863939096,
  0.0036822074215033247,
  0.8310984905926618,
  1.2864890580399615,
  0.32920799238820225,
  0.4627339042182045,
  0.33206470028544244,
  0.27223596574690734,
  1.0,
  0.00036393910561370097,
  0.6378353948620387,
  0.0,
  0.21122740247383445,
  0.071360608943863,
  0.22359657469077068,
  0.038058991436726926,
  0.2093244529019981,
  0.24643196955280686
 ],
 "std": [
  0.25031051826426454,
  0.019269481036315567,
  0.1487935595301809,
  0.8091480669903077,
  0.27291730482674653,
  0.4597803845682376,
  0.47095406900225917,
  0.2794415483671828,
  1.0,
  0.45936682526644157,
  0.47042468264251025,
  1.0,
  0.4081793563104237,
  0.25742624659312296,
  0.4166547089345334,
  0.19133871695908047,
  0.406826408089836,
  0.43093300399845563
 ]
}